{"cameraMode":{"drawMode":0,"name":"Shaded","section":"Shading Mode"},"sceneLighting":true,"audioPlay":false,"sceneViewState":{"showFog":true,"showMaterialUpdate":false,"showSkybox":true,"showFlares":true,"showImageEffects":true,"showParticleSystems":true},"in2DMode":false,"pivot":{"x":-3.8121397495269777,"y":3.9688663482666017,"z":-25.7961368560791},"rotation":{"x":-0.1972452998161316,"y":-0.2796531617641449,"z":0.058820199221372607,"w":-0.9377785325050354},"size":2.5003750324249269,"orthographic":false}